{"epoch": [1, 2, 3, 4, 5, 6, 7, 8, 9, 10, 11, 12, 13, 14, 15, 16, 17, 18, 19, 20, 21, 22, 23, 24, 25, 26, 27, 28, 29, 30, 31, 32, 33, 34, 35, 36, 37, 38, 39, 40, 41, 42, 43, 44, 45, 46, 47, 48, 49, 50, 51, 52, 53, 54, 55, 56, 57, 58, 59, 60, 61, 62, 63, 64, 65, 66, 67, 68, 69, 70, 71, 72, 73, 74, 75, 76, 77, 78, 79, 80, 81, 82, 83, 84, 85, 86, 87, 88, 89, 90, 91, 92, 93, 94, 95, 96, 97, 98, 99, 100, 101, 102, 103, 104, 105, 106, 107, 108, 109, 110, 111, 112, 113, 114, 115, 116, 117, 118, 119, 120, 121, 122, 123, 124, 125, 126, 127, 128, 129, 130, 131, 132, 133, 134, 135, 136, 137, 138, 139, 140, 141, 142, 143, 144, 145, 146, 147, 148, 149, 150, 151, 152, 153, 154, 155, 156, 157, 158, 159, 160, 161, 162, 163, 164, 165, 166, 167, 168, 169, 170, 171, 172, 173, 174, 175, 176, 177, 178, 179, 180, 181, 182, 183, 184, 185, 186, 187, 188, 189, 190, 191, 192, 193, 194, 195, 196, 197, 198, 199, 200], "train_loss": [1.6040860316848755, 1.198316186065674, 1.0615407305717468, 0.9788156387329101, 0.9184721267318725, 0.8552457501029969, 0.818250341796875, 0.7967358093070984, 0.7815463248825073, 0.7579224727630616, 0.7470232058143615, 0.7369725686836243, 0.7292934102630615, 0.7163293333053589, 0.703173221244812, 0.7035825629043579, 0.6922550814437867, 0.6853734787559509, 0.6849108153915405, 0.6785982016944885, 0.6711406866836548, 0.667795622138977, 0.6664720170783996, 0.656081777229309, 0.6545748153305053, 0.6512938942909241, 0.6511678083992004, 0.6447356698989868, 0.6474970806884766, 0.6430566957855225, 0.6313812152481079, 0.6354425038814545, 0.6351822013187408, 0.6256899194145202, 0.6297874960517883, 0.6241583459854126, 0.6224199120998383, 0.6200238260269165, 0.6169738682174682, 0.6198717978477478, 0.6078497269058227, 0.6073628245162964, 0.6043940641784668, 0.6056735346984863, 0.6021050780677796, 0.5960083504867554, 0.6011844498062133, 0.5974302449703216, 0.5995851169013977, 0.5889799562263489, 0.588502830619812, 0.5878188123512268, 0.5825834296607971, 0.5885421765327453, 0.5831266528129577, 0.5871661654090882, 0.5767098219680786, 0.574378172340393, 0.5791185397911072, 0.5734234856033326, 0.569948660697937, 0.5753468779182435, 0.5675158484077454, 0.5618476368904114, 0.5646927256393433, 0.5601188277435303, 0.5644897981452942, 0.5568427223587036, 0.5550164118003845, 0.5458128633213043, 0.55361348361969, 0.551565686302185, 0.5449792506599427, 0.5489378274726867, 0.5431342426109314, 0.5379265012550354, 0.5378093349838257, 0.5326851482772827, 0.5260978174591064, 0.5337490199661254, 0.5332136031150818, 0.5241215569114686, 0.52606130235672, 0.5201201774215698, 0.5194997272491455, 0.522901054058075, 0.5063200093841552, 0.5059819328880311, 0.5061513199424744, 0.513455562915802, 0.5088932267665863, 0.5053176201248168, 0.49769739791870116, 0.5085623248672485, 0.4951423908042908, 0.4982430835533142, 0.48985310752868655, 0.48851604776382446, 0.47640994478225707, 0.4836388974189758, 0.47612851883888246, 0.483472250957489, 0.47468025701522826, 0.4708752893638611, 0.4713477664089203, 0.466009778881073, 0.46043134729385377, 0.4585823116874695, 0.4513105090904236, 0.45521838079452515, 0.4432619786262512, 0.44500505102157595, 0.44910888741493227, 0.44119254293441773, 0.4341165333366394, 0.44398496591567993, 0.4321285033416748, 0.4224433045864105, 0.4296912111282349, 0.4256100675201416, 0.4203368886375427, 0.4188173666191101, 0.4048588255310059, 0.40942690904617307, 0.4042671358394623, 0.39595709037780763, 0.39314070434570314, 0.4029299589920044, 0.3902404123592377, 0.3857284154510498, 0.3903248724937439, 0.3758371489429474, 0.378778840007782, 0.3742091335487366, 0.3725693330955505, 0.36927793491363525, 0.3644138130903244, 0.352519628868103, 0.3503121089458466, 0.35537140976905823, 0.3517845874786377, 0.34396964027404786, 0.33554584768295287, 0.336539986038208, 0.3346674437713623, 0.3336316220188141, 0.32149984692573547, 0.32010298543930055, 0.3126965552139282, 0.3102412038040161, 0.31197916902542117, 0.3011551438331604, 0.297819738111496, 0.29828809604644774, 0.29254034888267516, 0.2927760110282898, 0.28440754284858705, 0.27934508707046507, 0.27349852085113524, 0.2737757090950012, 0.2681342324256897, 0.2628979729938507, 0.2586935804843903, 0.2539997139358521, 0.25173064460277556, 0.2444656900882721, 0.23917079995155335, 0.23593293663501738, 0.2310389960861206, 0.2294465921497345, 0.22337471689224242, 0.21744858347892762, 0.2165678792333603, 0.20361031033277513, 0.2059718169593811, 0.20324508640766145, 0.19489451648712158, 0.19209943088531495, 0.18928207946777345, 0.18839141039967536, 0.18094507087230682, 0.17513826102256774, 0.17660790706634522, 0.17223473526477814, 0.16747165750026702, 0.16599622366905212, 0.16464301966667175, 0.16485241320610047, 0.15820171003818512, 0.15488025538921357, 0.15441542133808137, 0.1525526193165779, 0.15478981239795686, 0.15106759786128998, 0.14956066807031632, 0.14901774449825286, 0.1444556134033203, 0.14810971783161164, 0.1457074628686905, 0.14739866993427275], "train_acc": [39.742, 56.43, 61.92, 65.018, 67.372, 69.802, 71.16, 72.15, 72.756, 73.524, 74.152, 74.506, 74.75, 75.186, 75.694, 75.776, 76.13, 76.25, 76.266, 76.508, 77.026, 76.872, 77.01, 77.398, 77.292, 77.654, 77.612, 77.814, 77.762, 77.758, 78.206, 78.164, 77.994, 78.344, 78.09, 78.466, 78.392, 78.712, 78.684, 78.642, 78.94, 79.166, 79.232, 79.064, 79.246, 79.668, 79.34, 79.534, 79.304, 79.556, 79.794, 79.652, 80.014, 79.48, 80.066, 79.802, 80.116, 80.064, 80.054, 80.17, 80.428, 80.154, 80.424, 80.628, 80.52, 80.602, 80.41, 80.768, 80.878, 81.364, 80.864, 81.03, 81.186, 81.024, 81.24, 81.506, 81.42, 81.762, 81.782, 81.466, 81.658, 82.026, 81.922, 82.186, 82.024, 81.924, 82.534, 82.59, 82.598, 82.41, 82.408, 82.63, 82.854, 82.626, 82.912, 82.764, 83.128, 83.302, 83.678, 83.348, 83.684, 83.228, 83.678, 83.784, 83.836, 84.044, 84.124, 84.374, 84.364, 84.342, 84.758, 84.666, 84.592, 84.732, 85.172, 84.834, 85.114, 85.476, 85.13, 85.366, 85.4, 85.55, 86.092, 85.974, 86.248, 86.436, 86.304, 86.178, 86.572, 86.598, 86.486, 87.0, 86.94, 86.986, 87.116, 87.214, 87.288, 87.936, 87.904, 87.596, 87.768, 88.178, 88.422, 88.382, 88.37, 88.524, 89.008, 88.906, 89.224, 89.3, 89.184, 89.63, 89.71, 89.624, 89.836, 89.926, 90.144, 90.238, 90.436, 90.534, 90.672, 90.912, 91.108, 91.234, 91.34, 91.68, 91.784, 91.804, 91.96, 92.034, 92.268, 92.44, 92.496, 92.912, 92.84, 92.972, 93.386, 93.336, 93.592, 93.534, 93.968, 93.92, 94.006, 94.076, 94.254, 94.402, 94.364, 94.354, 94.682, 94.716, 94.686, 94.738, 94.62, 94.77, 94.966, 94.92, 95.16, 95.05, 95.148, 94.98], "val_acc": [47.09, 40.71, 50.25, 58.4, 46.48, 69.09, 70.06, 66.9, 67.37, 66.68, 59.35, 70.84, 64.78, 65.2, 57.96, 73.5, 71.48, 67.73, 67.21, 75.5, 72.96, 77.83, 72.16, 71.2, 71.98, 70.43, 75.82, 66.56, 54.29, 71.45, 71.17, 76.07, 69.13, 76.16, 55.44, 66.02, 61.1, 62.75, 70.98, 66.03, 77.37, 69.16, 68.71, 78.87, 78.33, 66.58, 69.67, 73.36, 74.23, 77.4, 77.94, 75.06, 76.16, 75.77, 62.55, 70.08, 73.67, 72.85, 74.19, 73.39, 79.5, 76.23, 80.09, 73.55, 77.51, 76.98, 65.86, 77.77, 76.68, 73.04, 71.5, 78.56, 73.2, 73.96, 76.72, 75.34, 58.69, 72.05, 71.65, 73.24, 76.81, 81.25, 79.91, 78.3, 82.2, 80.5, 79.3, 78.88, 77.43, 76.33, 67.61, 80.17, 81.95, 82.31, 73.81, 77.93, 82.75, 74.62, 80.26, 76.66, 78.66, 77.82, 78.0, 79.9, 80.5, 83.83, 82.65, 80.54, 82.35, 84.05, 84.68, 81.97, 80.61, 83.86, 82.31, 84.23, 84.13, 83.92, 86.19, 82.31, 81.45, 81.39, 81.0, 82.04, 84.16, 83.53, 82.62, 82.67, 84.33, 83.45, 85.81, 84.61, 87.46, 84.69, 80.63, 82.27, 87.78, 83.07, 87.56, 85.26, 86.98, 85.52, 83.59, 87.58, 86.21, 89.04, 86.76, 87.32, 88.17, 87.12, 87.02, 87.4, 85.71, 88.14, 88.19, 89.11, 90.1, 89.85, 88.01, 89.7, 90.26, 89.88, 90.41, 90.21, 90.26, 89.21, 90.56, 90.2, 90.75, 90.66, 91.1, 90.68, 90.97, 91.33, 90.93, 91.22, 91.09, 91.81, 91.77, 91.54, 92.27, 91.75, 92.08, 91.99, 92.27, 92.34, 92.24, 92.27, 92.6, 92.28, 92.47, 92.52, 92.68, 92.48, 92.58, 92.61, 92.61, 92.59, 92.49, 92.64]}